Месяц,Квартиры₽/м²,"Вторичка

новостройки
₽/м²",Дома₽,Земля₽/сотка,"Аренда 1-комн.

2-комн.
₽/месяц"
Январь,135 966184 объявления,"131 419125 объявлений
145 60159 объявлений",12 566 581116 объявлений,209 510171 объявление,"14 20140 объявлений
34 92928 объявлений"
Февраль,128 354232 объявления,"128 618157 объявлений
127 80175 объявлений",14 590 131150 объявлений,229 866266 объявлений,"12 46181 объявление
32 18635 объявлений"
Март,120 998280 объявлений,"128 244178 объявлений
108 352102 объявления",15 231 910172 объявления,217 746310 объявлений,"12 043108 объявлений
29 00044 объявления"
Апрель,121 892306 объявлений,"120 129232 объявления
127 41974 объявления",13 789 310243 объявления,207 058432 объявления,"11 125302 объявления
25 43158 объявлений"
Май,118 752351 объявление,"117 072276 объявлений
124 93175 объявлений",14 494 667285 объявлений,208 949498 объявлений,"10 457753 объявления
22 65279 объявлений"
Июнь,111 627403 объявления,"108 615327 объявлений
124 58476 объявлений",13 164 418395 объявлений,206 608617 объявлений,"10 156939 объявлений
23 12290 объявлений"
Июль,120 276437 объявлений,"119 339361 объявление
124 73076 объявлений",12 860 949410 объявлений,195 638667 объявлений,"10 242982 объявления
17 743138 объявлений"
Август,118 489474 объявления,"117 340398 объявлений
124 50176 объявлений",12 565 824455 объявлений,198 250712 объявлений,"9 817908 объявлений
19 919123 объявления"
Сентябрь,120 706534 объявления,"119 856458 объявлений
125 82976 объявлений",11 990 428493 объявления,201 689750 объявлений,"9 820970 объявлений
19 032143 объявления"
Октябрь,121 850599 объявлений,"120 937523 объявления
128 13576 объявлений",12 286 546543 объявления,198 788824 объявления,"21 6851 230 объявлений
15 437236 объявлений"
Ноябрь,119 388715 объявлений,"121 443642 объявления
101 31973 объявления",12 659 560765 объявлений,179 4421 067 объявлений,"20 1011 338 объявлений
42 646267 объявлений"
Декабрь,118 684872 объявления,"119 112800 объявлений
113 92772 объявления",12 561 292818 объявлений,175 4251 137 объявлений,"20 0731 346 объявлений
42 698322 объявления"
Январь,118 769943 объявления,"120 182871 объявление
101 67772 объявления",12 028 323874 объявления,173 1311 186 объявлений,"20 1821 591 объявление
42 722349 объявлений"
Февраль,118 0731 058 объявлений,"119 547981 объявление
99 29777 объявлений",11 438 484993 объявления,175 2981 305 объявлений,"20 5221 887 объявлений
42 798468 объявлений"
Март,118 5481 137 объявлений,"119 9301 060 объявлений
99 51977 объявлений",11 937 7391 161 объявление,183 0281 419 объявлений,"20 6461 963 объявления
42 908571 объявление"
Апрель,121 7841 294 объявления,"123 4071 215 объявлений
96 82079 объявлений",12 071 3781 314 объявлений,181 3451 570 объявлений,"20 8342 214 объявлений
42 894696 объявлений"
Май,122 5931 338 объявлений,"124 4041 256 объявлений
94 85182 объявления",12 102 5871 393 объявления,178 8101 651 объявление,"20 9662 339 объявлений
43 113711 объявлений"
Июнь,144 6501 113 объявлений,"145 5601 059 объявлений
126 80354 объявления",11 604 9041 497 объявлений,175 9231 839 объявлений,"21 2912 562 объявления
43 798741 объявление"
Июль,142 7361 154 объявления,"143 3301 102 объявления
130 13052 объявления",11 751 7761 561 объявление,189 6801 915 объявлений,"21 3782 596 объявлений
45 280738 объявлений"
Август,141 6421 201 объявление,"142 2671 148 объявлений
128 10453 объявления",12 055 5801 641 объявление,203 9061 954 объявления,"22 0722 440 объявлений
47 005733 объявления"
Сентябрь,150 4671 338 объявлений,"151 5931 282 объявления
124 68456 объявлений",12 071 7121 773 объявления,205 2492 069 объявлений,"22 0932 453 объявления
45 683772 объявления"
Октябрь,150 9871 395 объявлений,"152 0871 339 объявлений
124 67456 объявлений",11 318 8561 686 объявлений,211 8222 011 объявлений,"22 0892 443 объявления
44 290769 объявлений"
Ноябрь,148 6411 480 объявлений,"149 5371 425 объявлений
125 41355 объявлений",10 997 9541 713 объявлений,211 2812 035 объявлений,"22 1632 459 объявлений
43 489783 объявления"
Декабрь,151 7551 515 объявлений,"152 5221 459 объявлений
131 77256 объявлений",11 569 5091 781 объявление,263 7662 090 объявлений,"22 2102 478 объявлений
43 476801 объявление"
Январь,151 4821 588 объявлений,"152 2061 532 объявления
131 67656 объявлений",11 247 6971 855 объявлений,273 8702 137 объявлений,"22 3392 502 объявления
44 125819 объявлений"
Февраль,151 8081 146 объявлений,"153 6071 103 объявления
105 68514 объявлений",11 372 0611 322 объявления,313 1031 327 объявлений,"25 869141 объявление
53 50461 объявление"
Март,194 013707 объявлений,"196 642677 объявлений
159 2318 объявлений",11 629 8871 389 объявлений,303 9541 436 объявлений,"26 418124 объявления
44 68456 объявлений"
Апрель,188 850801 объявление,"191 364764 объявления
167 77512 объявлений",19 101 700778 объявлений,303 8601 497 объявлений,"31 38275 объявлений
58 35226 объявлений"
Май,183 129862 объявления,"185 216822 объявления
154 79114 объявлений",20 439 977777 объявлений,301 2281 550 объявлений,"31 56182 объявления
55 46830 объявлений"
Июнь,192 804964 объявления,"195 655923 объявления
131 25212 объявлений",21 189 112793 объявления,207 9581 484 объявления,"31 58295 объявлений
50 41133 объявления"
Июль,147 654564 объявления,"148 941536 объявлений
131 8974 объявления",20 990 707794 объявления,174 2051 531 объявление,"31 208101 объявление
56 71738 объявлений"
Август,155 850302 объявления,"158 410282 объявления
163 9403 объявления",20 462 848751 объявление,169 1141 490 объявлений,"31 15378 объявлений
51 31029 объявлений"
Сентябрь,188 334924 объявления,"189 159867 объявлений
202 65231 объявление",22 234 22726 объявлений,1 200 56558 объявлений,"35 094232 объявления
49 440119 объявлений"
Октябрь,191 436807 объявлений,"191 917753 объявления
262 04731 объявление",30 255 73815 объявлений,3 182 16147 объявлений,"38 18090 объявлений
47 96046 объявлений"
Ноябрь,193 479884 объявления,"193 177814 объявлений
237 45144 объявления",34 087 23118 объявлений,2 554 78750 объявлений,"36 359119 объявлений
50 04288 объявлений"
Декабрь,197 9431 020 объявлений,"196 209935 объявлений
248 24058 объявлений",32 687 70620 объявлений,1 493 30251 объявление,"36 112140 объявлений
52 41796 объявлений"
Январь,197 1151 091 объявление,"195 497983 объявления
231 05875 объявлений",31 080 97625 объявлений,1 251 01560 объявлений,"36 390156 объявлений
52 88796 объявлений"
Февраль,195 2031 222 объявления,"193 8771 109 объявлений
228 42381 объявление",28 961 74226 объявлений,1 203 05576 объявлений,"35 851180 объявлений
52 221112 объявлений"
Март,196 2761 338 объявлений,"194 5101 209 объявлений
224 94090 объявлений",124 041 20335 объявлений,1 219 95069 объявлений,"35 581196 объявлений
52 745119 объявлений"
Апрель,201 0851 693 объявления,"198 7861 549 объявлений
227 78394 объявления",78 986 45434 объявления,1 268 87275 объявлений,"35 410218 объявлений
53 328139 объявлений"
Май,202 0251 693 объявления,"201 5121 549 объявлений
232 50894 объявления",65 659 03537 объявлений,1 598 77377 объявлений,"35 410218 объявлений
53 328139 объявлений"
Июнь,206 9361 946 объявлений,"206 4221 789 объявлений
233 687101 объявление",64 729 20538 объявлений,1 851 77578 объявлений,"35 687231 объявление
53 253146 объявлений"
Июль,210 3721 818 объявлений,"210 0991 676 объявлений
232 56195 объявлений",71 081 34430 объявлений,1 992 36767 объявлений,"33 491195 объявлений
53 587129 объявлений"
Август,210 2141 869 объявлений,"210 4181 722 объявления
221 017100 объявлений",79 160 14529 объявлений,1 782 46665 объявлений,"33 261188 объявлений
54 088136 объявлений"
Сентябрь,212 7681 830 объявлений,"212 3591 679 объявлений
231 472101 объявление",91 839 98925 объявлений,2 720 87527 объявлений,"33 349183 объявления
56 105136 объявлений"
Октябрь,201 5971 731 объявление,"199 7131 583 объявления
237 52998 объявлений",36 614 56916 объявлений,2 810 87118 объявлений,"33 324183 объявления
56 648131 объявление"
Ноябрь,216 2201 950 объявлений,"216 1161 797 объявлений
227 683100 объявлений",84 660 60724 объявления,2 342 26330 объявлений,"32 935139 объявлений
56 97692 объявления"
Декабрь,216 4621 924 объявления,"217 0661 789 объявлений
214 84784 объявления",89 456 56022 объявления,2 381 43527 объявлений,"32 163135 объявлений
58 75895 объявлений"
Январь,218 2371 927 объявлений,"219 6211 797 объявлений
204 38882 объявления",68 271 62222 объявления,2 204 42225 объявлений,"32 479128 объявлений
59 708105 объявлений"
Февраль,221 1121 894 объявления,"222 4681 755 объявлений
206 04088 объявлений",99 839 12321 объявление,1 965 03927 объявлений,"32 334129 объявлений
57 724107 объявлений"
Март,222 1221 894 объявления,"223 7311 743 объявления
204 28497 объявлений",98 336 97924 объявления,2 597 52928 объявлений,"31 908129 объявлений
57 177110 объявлений"
Апрель,219 9271 683 объявления,"221 1461 539 объявлений
210 11793 объявления",111 145 02816 объявлений,1 736 34427 объявлений,"31 379119 объявлений
55 174102 объявления"
Май,217 6571 588 объявлений,"218 7531 437 объявлений
210 984106 объявлений",98 789 11018 объявлений,1 097 28626 объявлений,"31 602119 объявлений
54 180105 объявлений"
Июнь,214 9211 602 объявления,"215 1061 432 объявления
217 990124 объявления",136 130 65219 объявлений,1 185 04826 объявлений,"34 206127 объявлений
55 108107 объявлений"
Июль,217 8261 523 объявления,"217 7741 356 объявлений
226 945123 объявления",188 468 82414 объявлений,1 447 70119 объявлений,"34 998128 объявлений
56 044106 объявлений"
Август,219 1831 552 объявления,"219 3171 378 объявлений
227 116121 объявление",251 457 73811 объявлений,1 442 09318 объявлений,"35 132128 объявлений
53 112113 объявлений"
Сентябрь,219 3711 738 объявлений,"217 9821 541 объявление
237 302140 объявлений",272 236 97911 объявлений,1 195 01620 объявлений,"36 116130 объявлений
53 284118 объявлений"
Октябрь,222 9981 862 объявления,"222 1851 654 объявления
230 224155 объявлений",188 087 69815 объявлений,2 336 85723 объявления,"36 011129 объявлений
54 183114 объявлений"
Ноябрь,227 1441 865 объявлений,"226 7011 652 объявления
240 781156 объявлений",197 246 53814 объявлений,2 512 36021 объявление,"36 114132 объявления
54 123133 объявления"
Декабрь,230 7461 778 объявлений,"230 0961 532 объявления
243 553195 объявлений",198 787 32017 объявлений,2 623 58124 объявления,"35 611132 объявления
51 659115 объявлений"
Январь,251 558396 объявлений,"252 316289 объявлений
242 48094 объявления",72 073 9102 объявления,452 2478 объявлений,"32 97244 объявления
58 36248 объявлений"
Февраль,241 842421 объявление,"240 878275 объявлений
231 766143 объявления",206 220 0005 объявлений,10 448 3595 объявлений,"29 78534 объявления
56 72822 объявления"
Март,250 020476 объявлений,"248 780419 объявлений
235 00345 объявлений",21 949 9807 объявлений,682 24813 объявлений,"27 94694 объявления
56 54044 объявления"
Апрель,242 743524 объявления,"245 469451 объявление
209 85360 объявлений",15 588 7504 объявления,902 23515 объявлений,"26 113279 объявлений
53 50539 объявлений"
Май,238 328430 объявлений,"235 993379 объявлений
251 28542 объявления",47 775 0004 объявления,1 171 01116 объявлений,"25 983147 объявлений
49 74242 объявления"
Июнь,249 172342 объявления,"246 141314 объявлений
352 73221 объявление",28 000 0001 объявление,1 425 2409 объявлений,"24 950280 объявлений
50 41631 объявление"
Июль,235 0511 221 объявление,"233 7631 074 объявления
260 977117 объявлений",39 550 0009 объявлений,2 819 55633 объявления,"25 607669 объявлений
50 10496 объявлений"
Август,232 1321 098 объявлений,"231 443971 объявление
250 459103 объявления",34 010 0007 объявлений,2 501 29533 объявления,"25 620560 объявлений
48 09478 объявлений"
Сентябрь,227 7481 022 объявления,"226 047898 объявлений
253 248101 объявление",38 210 0008 объявлений,2 224 93242 объявления,"26 065259 объявлений
47 53572 объявления"
Октябрь,220 296944 объявления,"219 706812 объявлений
232 133105 объявлений",69 550 0006 объявлений,2 748 90643 объявления,"33 43561 объявление
47 21373 объявления"
Ноябрь,219 339932 объявления,"216 899812 объявлений
243 16997 объявлений",64 102 5004 объявления,9 159 64327 объявлений,"31 44145 объявлений
47 70156 объявлений"
Декабрь,217 108784 объявления,"212 702705 объявлений
272 71061 объявление",51 901 3079 объявлений,8 615 40627 объявлений,"29 97470 объявлений
44 44364 объявления"
Январь,222 542705 объявлений,"219 338639 объявлений
265 76452 объявления",148 943 33311 объявлений,8 196 07020 объявлений,"30 04259 объявлений
44 58068 объявлений"
Февраль,217 622646 объявлений,"215 637582 объявления
243 61948 объявлений",170 778 00012 объявлений,1 488 46615 объявлений,"30 56655 объявлений
49 59654 объявления"
Март,218 257657 объявлений,"217 734580 объявлений
211 13355 объявлений",183 988 88910 объявлений,13 185 96818 объявлений,"27 65973 объявления
51 16155 объявлений"
Апрель,215 2361 368 объявлений,"215 3911 229 объявлений
220 41599 объявлений",81 484 28616 объявлений,11 623 77634 объявления,"25 405647 объявлений
42 878133 объявления"
Май,211 5041 198 объявлений,"211 7671 072 объявления
222 16788 объявлений",120 250 83320 объявлений,10 813 43235 объявлений,"25 292488 объявлений
43 353133 объявления"
Июнь,212 475984 объявления,"213 837868 объявлений
209 73378 объявлений",110 845 83310 объявлений,10 565 87233 объявления,"26 313199 объявлений
41 827105 объявлений"
Июль,213 462900 объявлений,"214 745787 объявлений
215 56381 объявление",40 172 5007 объявлений,11 144 10733 объявления,"29 73085 объявлений
41 30493 объявления"
Август,216 261921 объявление,"217 126803 объявления
234 20584 объявления",36 744 28211 объявлений,9 481 46233 объявления,"29 53679 объявлений
39 65782 объявления"
Сентябрь,214 961704 объявления,"217 360624 объявления
232 89347 объявлений",131 755 95215 объявлений,6 310 91729 объявлений,"27 249100 объявлений
40 43652 объявления"
Октябрь,214 494706 объявлений,"217 062632 объявления
208 60444 объявления",181 088 17118 объявлений,3 196 12027 объявлений,"24 026187 объявлений
31 510120 объявлений"
Ноябрь,214 630660 объявлений,"216 512600 объявлений
247 49932 объявления",191 787 65018 объявлений,9 387 43421 объявление,"23 842238 объявлений
33 334127 объявлений"
Декабрь,218 553636 объявлений,"221 578581 объявление
163 57831 объявление",227 249 85315 объявлений,8 242 61219 объявлений,"23 452152 объявления
37 19479 объявлений"
Январь,217 531563 объявления,"219 873509 объявлений
195 68832 объявления",217 897 44512 объявлений,8 155 53317 объявлений,"25 78777 объявлений
40 83354 объявления"
Февраль,216 342640 объявлений,"219 835578 объявлений
190 59437 объявлений",160 422 23314 объявлений,8 576 62919 объявлений,"27 31058 объявлений
38 06563 объявления"
Март,212 621761 объявление,"215 505693 объявления
192 62343 объявления",46 918 60820 объявлений,7 789 36724 объявления,"25 589106 объявлений
36 00578 объявлений"
Апрель,210 1131 054 объявления,"213 045958 объявлений
200 21761 объявление",88 593 93227 объявлений,7 845 63824 объявления,"23 268191 объявление
38 32598 объявлений"
Май,205 819879 объявлений,"208 761795 объявлений
192 58357 объявлений",67 740 48337 объявлений,7 077 36727 объявлений,"25 01656 объявлений
40 24931 объявление"
Июнь,198 716867 объявлений,"199 319775 объявлений
204 37466 объявлений",47 802 99337 объявлений,7 214 67430 объявлений,"25 562102 объявления
40 03246 объявлений"
Июль,202 538820 объявлений,"202 620744 объявления
221 06453 объявления",46 413 73937 объявлений,5 912 76933 объявления,"21 82578 объявлений
45 89225 объявлений"
Август,207 284781 объявление,"207 637702 объявления
226 63854 объявления",48 128 90833 объявления,4 896 98931 объявление,"18 024128 объявлений
37 68432 объявления"
Сентябрь,207 986737 объявлений,"208 919653 объявления
222 97562 объявления",47 349 48336 объявлений,3 514 03133 объявления,"19 054120 объявлений
36 39252 объявления"
Октябрь,204 653691 объявление,"206 344612 объявлений
213 23660 объявлений",45 852 17934 объявления,3 865 60928 объявлений,"19 636114 объявлений
42 64546 объявлений"
Ноябрь,202 520649 объявлений,"204 929561 объявление
209 16066 объявлений",62 560 47126 объявлений,5 274 12424 объявления,"20 58649 объявлений
47 76228 объявлений"
Декабрь,203 550603 объявления,"204 254514 объявлений
246 26866 объявлений",70 112 53522 объявления,1 935 40123 объявления,"22 78448 объявлений
52 12425 объявлений"
Январь,209 098565 объявлений,"209 428487 объявлений
229 57153 объявления",59 956 53623 объявления,2 238 69421 объявление,"25 66716 объявлений
67 16718 объявлений"
Февраль,221 338560 объявлений,"207 436466 объявлений
282 79363 объявления",70 334 34923 объявления,2 038 99621 объявление,"23 96870 объявлений
58 09429 объявлений"
Март,225 317561 объявление,"214 016468 объявлений
285 82964 объявления",66 892 57222 объявления,1 874 44420 объявлений,"23 34190 объявлений
51 89232 объявления"
Апрель,228 914567 объявлений,"218 691468 объявлений
291 83168 объявлений",73 039 79920 объявлений,1 588 24617 объявлений,"29 514110 объявлений
46 18644 объявления"
Май,227 727531 объявление,"216 163455 объявлений
335 52653 объявления",62 876 09523 объявления,228 9357 объявлений,"30 010141 объявление
53 49837 объявлений"
Июнь,223 647520 объявлений,"211 038446 объявлений
315 42653 объявления",74 391 84022 объявления,246 8747 объявлений,"22 782115 объявлений
33 24749 объявлений"
Июль,234 398496 объявлений,"213 707371 объявление
304 581101 объявление",67 138 63227 объявлений,227 4798 объявлений,"20 670229 объявлений
29 65142 объявления"
Август,230 102555 объявлений,"212 517306 объявлений
290 345116 объявлений",60 433 83525 объявлений,272 5067 объявлений,"20 992122 объявления
37 42435 объявлений"
Сентябрь,214 302313 объявлений,"215 754287 объявлений
184 8645 объявлений",60 078 18025 объявлений,272 5067 объявлений,"23 542104 объявления
36 67436 объявлений"
Октябрь,209 516347 объявлений,"210 162313 объявлений
231 13110 объявлений",54 677 50628 объявлений,272 5067 объявлений,"19 423120 объявлений
40 40222 объявления"
Ноябрь,243 0241 086 объявлений,"227 026388 объявлений
284 158682 объявления",108 325 77826 объявлений,333 1826 объявлений,"19 684198 объявлений
31 67242 объявления"
Декабрь,208 0022 780 объявлений,"225 389596 объявлений
187 9202 169 объявлений",103 966 84038 объявлений,248 1515 объявлений,"23 874236 объявлений
32 027130 объявлений"
Январь,227 8922 375 объявлений,"228 571599 объявлений
246 4391 761 объявление",54 164 15237 объявлений,264 96614 объявлений,"23 456366 объявлений
35 553155 объявлений"
Февраль,244 8182 789 объявлений,"213 950695 объявлений
268 5702 078 объявлений",41 227 01446 объявлений,268 24312 объявлений,"22 365430 объявлений
43 284173 объявления"
Март,259 1862 647 объявлений,"240 870613 объявлений
271 3492 019 объявлений",37 975 63944 объявления,277 2289 объявлений,"24 354353 объявления
42 037180 объявлений"
Апрель,250 5681 821 объявление,"233 124583 объявления
272 2411 226 объявлений",31 917 90745 объявлений,168 0906 объявлений,"24 493229 объявлений
39 17493 объявления"
Май,246 1901 010 объявлений,"232 993548 объявлений
252 253454 объявления",44 965 09449 объявлений,84 5454 объявления,"25 571209 объявлений
46 303149 объявлений"
Июнь,220 0311 455 объявлений,"236 979663 объявления
195 358782 объявления",44 159 74153 объявления,135 76116 объявлений,"23 159147 объявлений
34 37678 объявлений"
Июль,219 4841 033 объявления,"234 004746 объявлений
186 105279 объявлений",45 764 46252 объявления,207 26918 объявлений,"24 912221 объявление
40 269167 объявлений"
Август,226 5511 722 объявления,"230 9061 126 объявлений
202 391590 объявлений",41 191 17449 объявлений,507 21218 объявлений,"21 465188 объявлений
39 569139 объявлений"
Сентябрь,239 8691 639 объявлений,"240 3281 382 объявления
219 879252 объявления",52 952 10442 объявления,458 9479 объявлений,"24 228192 объявления
51 591166 объявлений"
Октябрь,247 5501 571 объявление,"248 4031 406 объявлений
235 342160 объявлений",51 109 38242 объявления,493 0158 объявлений,"25 028265 объявлений
47 815197 объявлений"
Ноябрь,245 3151 688 объявлений,"243 5931 517 объявлений
274 202164 объявления",50 514 49643 объявления,465 40613 объявлений,"29 501404 объявления
43 428430 объявлений"
Декабрь,245 4041 675 объявлений,"240 5921 521 объявление
272 833147 объявлений",45 304 75439 объявлений,433 12314 объявлений,"27 542336 объявлений
51 365212 объявлений"
Январь,239 7811 383 объявления,"237 1631 210 объявлений
273 605163 объявления",29 421 35036 объявлений,465 69014 объявлений,"22 935388 объявлений
37 320164 объявления"
Февраль,238 0921 486 объявлений,"237 2321 268 объявлений
262 692208 объявлений",38 575 33837 объявлений,963 78116 объявлений,"23 755392 объявления
40 170180 объявлений"
Март,239 7411 430 объявлений,"241 3481 250 объявлений
241 498170 объявлений",34 058 20438 объявлений,729 98217 объявлений,"23 189352 объявления
38 279144 объявления"
Апрель,270 1631 435 объявлений,"271 2931 312 объявлений
283 534115 объявлений",34 160 54929 объявлений,576 52416 объявлений,"21 741248 объявлений
36 771105 объявлений"
Май,245 316908 объявлений,"244 237831 объявление
280 45371 объявление",90 444 60028 объявлений,573 25916 объявлений,"22 380131 объявление
38 21786 объявлений"
Июнь,268 7851 332 объявления,"268 8421 215 объявлений
278 384112 объявлений",90 881 34630 объявлений,479 85315 объявлений,"22 667181 объявление
39 82797 объявлений"
Июль,271 3561 544 объявления,"272 6601 376 объявлений
277 172158 объявлений",82 160 99434 объявления,533 66113 объявлений,"20 530131 объявление
37 39072 объявления"
Август,276 4381 740 объявлений,"276 4461 561 объявление
272 378170 объявлений",84 443 24431 объявление,601 2877 объявлений,"16 972423 объявления
38 48569 объявлений"
Сентябрь,281 1601 999 объявлений,"281 8211 828 объявлений
279 516160 объявлений",87 109 09130 объявлений,494 2208 объявлений,"17 440425 объявлений
39 84475 объявлений"
Октябрь,278 357966 объявлений,"277 618894 объявления
302 83466 объявлений",159 039 80122 объявления,151 4336 объявлений,"24 464212 объявлений
46 997109 объявлений"
Ноябрь,278 3191 155 объявлений,"277 170961 объявление
285 039186 объявлений",162 839 90522 объявления,336 5839 объявлений,"24 264204 объявления
57 932110 объявлений"
Декабрь,281 7131 221 объявление,"279 7701 039 объявлений
282 743174 объявления",28 236 16820 объявлений,128 4758 объявлений,"24 604226 объявлений
56 723127 объявлений"
Январь,281 1621 284 объявления,"279 7341 180 объявлений
309 01296 объявлений",28 814 07417 объявлений,151 4336 объявлений,"27 645170 объявлений
61 515110 объявлений"
Февраль,290 3431 642 объявления,"289 0731 459 объявлений
321 634172 объявления",29 517 41124 объявления,423 5417 объявлений,"28 65496 объявлений
67 08579 объявлений"
Март,295 4001 634 объявления,"294 2701 478 объявлений
332 386147 объявлений",31 246 05518 объявлений,552 5159 объявлений,"27 995113 объявлений
60 49475 объявлений"
Апрель,294 8271 743 объявления,"295 6101 519 объявлений
332 792218 объявлений",37 754 37416 объявлений,552 1189 объявлений,"30 74073 объявления
65 96960 объявлений"
Май,302 4971 794 объявления,"305 5941 586 объявлений
326 437195 объявлений",40 706 25719 объявлений,550 0558 объявлений,"29 687108 объявлений
59 32084 объявления"
Июнь,307 1901 932 объявления,"310 0771 726 объявлений
367 473185 объявлений",44 825 59318 объявлений,494 59410 объявлений,"29 319107 объявлений
57 35178 объявлений"
Июль,319 1331 777 объявлений,"318 3851 671 объявление
370 42688 объявлений",48 672 08322 объявления,707 4917 объявлений,"28 802104 объявления
67 46782 объявления"
Август,320 9811 830 объявлений,"322 0221 673 объявления
335 582141 объявление",55 463 37518 объявлений,553 1177 объявлений,"30 858127 объявлений
63 77078 объявлений"
Сентябрь,320 2881 855 объявлений,"327 3271 588 объявлений
304 060247 объявлений",93 074 62615 объявлений,234 7044 объявления,"52 58748 объявлений
88 29637 объявлений"
Октябрь,326 1262 174 объявления,"327 3701 896 объявлений
344 108243 объявления",110 015 47812 объявлений,20 4455 объявлений,"21 65777 объявлений
70 30548 объявлений"
Ноябрь,326 7912 171 объявление,"323 7231 939 объявлений
392 133194 объявления",114 973 28313 объявлений,24 4034 объявления,"31 45572 объявления
77 43358 объявлений"
Декабрь,348 4801 989 объявлений,"346 5111 736 объявлений
395 839224 объявления",119 809 65361 объявление,24 4034 объявления,"21 81562 объявления
78 97051 объявление"
Январь,373 5472 093 объявления,"369 5311 816 объявлений
419 327242 объявления",142 322 53655 объявлений,1 254 5777 объявлений,"35 00384 объявления
82 514120 объявлений"
Февраль,366 1272 904 объявления,"363 7822 597 объявлений
417 859257 объявлений",93 966 22366 объявлений,1 126 94010 объявлений,"32 63747 объявлений
72 07658 объявлений"
Март,386 8502 394 объявления,"391 2382 146 объявлений
363 417205 объявлений",108 222 48758 объявлений,1 336 3288 объявлений,"36 446110 объявлений
62 54297 объявлений"
Апрель,384 2732 137 объявлений,"389 5021 826 объявлений
406 439277 объявлений",99 743 69746 объявлений,2 065 9469 объявлений,"44 75792 объявления
73 495101 объявление"
Май,382 4332 413 объявлений,"387 6062 106 объявлений
395 508269 объявлений",131 549 39750 объявлений,867 00812 объявлений,"46 24595 объявлений
60 84091 объявление"
Июнь,386 0752 044 объявления,"384 4391 842 объявления
413 103167 объявлений",90 739 01945 объявлений,1 055 22616 объявлений,"43 64753 объявления
77 13289 объявлений"
Июль,392 4211 668 объявлений,"387 0121 422 объявления
448 920213 объявлений",87 548 84446 объявлений,808 65814 объявлений,"41 52957 объявлений
70 56884 объявления"
Август,395 4491 703 объявления,"384 1461 416 объявлений
478 080260 объявлений",76 715 92751 объявление,868 32313 объявлений,"44 47247 объявлений
74 30070 объявлений"
Сентябрь,407 9111 801 объявление,"388 9351 475 объявлений
438 951297 объявлений",107 022 25851 объявление,747 65111 объявлений,"35 52237 объявлений
63 50863 объявления"
Октябрь,397 7811 915 объявлений,"383 2491 557 объявлений
442 402322 объявления",115 767 36752 объявления,786 6068 объявлений,"39 27443 объявления
67 74979 объявлений"
Ноябрь,385 1711 993 объявления,"382 9821 724 объявления
428 329228 объявлений",125 551 82748 объявлений,817 54012 объявлений,"42 33460 объявлений
67 32896 объявлений"
Декабрь,384 7901 994 объявления,"382 1731 725 объявлений
428 172228 объявлений",127 028 01748 объявлений,817 54012 объявлений,"42 31461 объявление
67 07895 объявлений"
Январь,383 5832 110 объявлений,"380 7471 829 объявлений
443 861233 объявления",126 300 03947 объявлений,797 55613 объявлений,"40 63781 объявление
64 543107 объявлений"
Февраль,389 4332 590 объявлений,"376 3221 945 объявлений
490 607601 объявление",153 112 56149 объявлений,835 58714 объявлений,"32 33185 объявлений
62 64484 объявления"
Март,395 5903 065 объявлений,"378 1661 882 объявления
498 6681 143 объявления",130 136 46554 объявления,969 62213 объявлений,"37 38052 объявления
77 44583 объявления"
Апрель,402 0482 807 объявлений,"384 0541 641 объявление
460 9161 119 объявлений",159 649 07549 объявлений,891 02910 объявлений,"36 14959 объявлений
70 17682 объявления"
Май,405 2352 496 объявлений,"385 7701 624 объявления
474 306827 объявлений",153 063 20251 объявление,931 99915 объявлений,"40 82351 объявление
89 46759 объявлений"
Июнь,400 1432 691 объявление,"387 6452 090 объявлений
499 283564 объявления",131 329 23155 объявлений,1 128 16211 объявлений,"42 47469 объявлений
74 83653 объявления"
Июль,410 4002 419 объявлений,"396 2001 835 объявлений
489 469556 объявлений",131 887 73752 объявления,638 2577 объявлений,"40 22157 объявлений
82 13052 объявления"
Август,417 3082 331 объявление,"403 0621 789 объявлений
518 596517 объявлений",129 242 30354 объявления,1 134 22910 объявлений,"43 60689 объявлений
79 28637 объявлений"
Сентябрь,414 5702 218 объявлений,"402 0841 716 объявлений
515 423480 объявлений",115 615 54357 объявлений,541 59310 объявлений,"40 088120 объявлений
83 46435 объявлений"
Октябрь,416 5832 243 объявления,"403 9611 717 объявлений
475 116499 объявлений",102 749 92358 объявлений,862 57211 объявлений,"64 38151 объявление
87 86125 объявлений"
Ноябрь,419 7502 300 объявлений,"402 3091 764 объявления
546 116506 объявлений",132 258 04255 объявлений,763 7908 объявлений,"26 27463 объявления
80 52733 объявления"
Декабрь,423 5392 101 объявление,"411 9891 561 объявление
532 207516 объявлений",140 016 68751 объявление,758 1659 объявлений,"48 28026 объявлений
90 43822 объявления"
Январь,426 1472 234 объявления,"410 0251 644 объявления
555 996572 объявления",119 487 91352 объявления,169 6577 объявлений,"27 89759 объявлений
79 95934 объявления"
Февраль,434 2591 607 объявлений,"411 4021 213 объявлений
528 882377 объявлений",116 232 97554 объявления,126 0039 объявлений,"39 02659 объявлений
91 06727 объявлений"
Март,424 9062 000 объявлений,"411 9441 627 объявлений
555 506343 объявления",162 872 59851 объявление,589 0988 объявлений,"45 15843 объявления
83 27934 объявления"
Апрель,423 3322 060 объявлений,"409 3081 675 объявлений
552 137357 объявлений",153 734 70152 объявления,929 3628 объявлений,"43 77652 объявления
77 27329 объявлений"
Май,418 1961 962 объявления,"412 9851 659 объявлений
520 119278 объявлений",148 936 89852 объявления,706 9759 объявлений,"34 41540 объявлений
74 46930 объявлений"
Июнь,416 309801 объявление,"389 862597 объявлений
522 769194 объявления",50 425 01310 объявлений,754 3249 объявлений,"30 17942 объявления
50 70624 объявления"
Июль,419 033789 объявлений,"391 155585 объявлений
509 728194 объявления",32 148 5368 объявлений,754 3249 объявлений,"65 96411 объявлений
65 93820 объявлений"
Август,429 326783 объявления,"392 513537 объявлений
500 587234 объявления",34 708 9207 объявлений,836 32310 объявлений,"61 5717 объявлений
80 21021 объявление"
Сентябрь,417 080731 объявление,"388 840496 объявлений
518 093223 объявления",39 625 0006 объявлений,673 90911 объявлений,"52 525104 объявления
74 50594 объявления"
Октябрь,427 942593 объявления,"394 113428 объявлений
573 200154 объявления",39 625 0006 объявлений,673 90911 объявлений,"36 663431 объявление
53 47796 объявлений"
Ноябрь,429 848589 объявлений,"385 210402 объявления
534 760180 объявлений",38 833 3345 объявлений,673 90911 объявлений,"37 101548 объявлений
54 727167 объявлений"
Декабрь,424 483467 объявлений,"399 902135 объявлений
498 260328 объявлений",23 666 6673 объявления,876 9588 объявлений,"41 518279 объявлений
73 120134 объявления"